facility_id,name,role,city,country,criticality,revenue_at_risk_usd,hazard_bucket,data_quality,lat,lon
NW-FAC-001,Primary Assembly — Midwest,assembly,Chicago,US,medium,65602816.81,flood,incomplete,41.88,-87.63
NW-FAC-002,Injection Molding — Gulf,component,Houston,US,high,71226438.38,flood_hurricane,contradictory,29.76,-95.37
NW-FAC-003,Electronics Final Test,test,Austin,US,critical,138337159.53,heat_grid,incomplete,30.27,-97.74
NW-FAC-004,West Coast Distribution,dc,Los Angeles,US,high,82420804.38,wildfire,incomplete,34.05,-118.24
NW-FAC-005,East Coast Distribution,dc,Newark,US,critical,93499916.51,coastal_flood,clean,40.74,-74.17
NW-FAC-006,Specialty Metals Supplier A,supplier_t1,Pittsburgh,US,critical,139236225.28,flood,clean,40.44,-79.99
NW-FAC-007,Polymer Resin Supplier B,supplier_t1,Baton Rouge,US,high,88904240.88,flood_hurricane,clean,30.45,-91.19
NW-FAC-008,Battery Cells JV,supplier_t1,Reno,US,high,44709645.52,drought_wildfire,clean,39.53,-119.81
NW-FAC-009,Castings Vendor C,supplier_t1,Monterrey,MX,medium,92756234.06,heat_water,clean,25.69,-100.32
NW-FAC-010,Harness Assembly,supplier_t1,Guadalajara,MX,medium,109444410.23,heat,incomplete,20.66,-103.35
NW-FAC-011,PCB Fab Partner,supplier_t1,Shenzhen,CN,critical,29782189.29,flood_typhoon,incomplete,22.54,114.06
NW-FAC-012,Rare Earth Intermediate,supplier_t2,Baotou,CN,high,17254141.29,water_transition,incomplete,40.66,109.84
NW-FAC-013,Logistics Hub EU,dc,Rotterdam,NL,critical,27326728.2,flood_slr,contradictory,51.92,4.48
NW-FAC-014,Tooling Shop,component,Stuttgart,DE,critical,108822153.86,flood_heat,clean,48.78,9.18
NW-FAC-015,Packaging Plant,component,Memphis,US,high,12282481.41,flood,contradictory,35.15,-90.05
NW-FAC-016,Battery Cells JV Node 16,supplier_t1,Reno,US,high,82258125.55,drought_wildfire,incomplete,39.6280280977887,-119.7991598775653
NW-FAC-017,PCB Fab Partner Node 17,supplier_t1,Shenzhen,CN,medium,95621744.93,flood_typhoon,contradictory,22.51542764907587,113.99730071894342
NW-FAC-018,Battery Cells JV Node 18,supplier_t1,Reno,US,medium,7774449.42,drought_wildfire,incomplete,39.47461619821906,-119.79843021105229
NW-FAC-019,East Coast Distribution Node 19,dc,Newark,US,high,75396216.43,coastal_flood,incomplete,40.64480441184793,-74.14579110321745
NW-FAC-020,Logistics Hub EU Node 20,dc,Rotterdam,NL,high,102494914.85,flood_slr,clean,51.99005163184397,4.447303587784908
NW-FAC-021,Packaging Plant Node 21,component,Memphis,US,medium,71302995.14,flood,incomplete,35.19494588181434,-90.07539658005321
NW-FAC-022,Electronics Final Test Node 22,test,Austin,US,high,71786760.34,heat_grid,incomplete,30.350995634532882,-97.75494141534648
NW-FAC-023,East Coast Distribution Node 23,dc,Newark,US,medium,36246284.65,coastal_flood,clean,40.74887452237818,-74.20785228634686
NW-FAC-024,Electronics Final Test Node 24,test,Austin,US,high,92375630.62,heat_grid,clean,30.18900948234846,-97.66614455743327
NW-FAC-025,Primary Assembly — Midwest Node 25,assembly,Chicago,US,critical,24207750.36,flood,incomplete,41.93276894460194,-87.66926359348082
NW-FAC-026,Polymer Resin Supplier B Node 26,supplier_t1,Baton Rouge,US,low,63068240.21,flood_hurricane,incomplete,30.54756325300505,-91.27948422863122
NW-FAC-027,Rare Earth Intermediate Node 27,supplier_t2,Baotou,CN,medium,39743430.14,water_transition,incomplete,40.70895419340577,109.81282714471863
NW-FAC-028,Logistics Hub EU Node 28,dc,Rotterdam,NL,high,19670921.38,flood_slr,clean,51.89902612066391,4.495242657226151
NW-FAC-029,Logistics Hub EU Node 29,dc,Rotterdam,NL,high,30241229.29,flood_slr,contradictory,51.84340755358913,4.4253518663396685
NW-FAC-030,Polymer Resin Supplier B Node 30,supplier_t1,Baton Rouge,US,high,16519985.88,flood_hurricane,incomplete,30.537192989307094,-91.16186658515717
NW-FAC-031,Packaging Plant Node 31,component,Memphis,US,high,58264533.14,flood,incomplete,35.154154087855694,-90.1483277233318
NW-FAC-032,East Coast Distribution Node 32,dc,Newark,US,medium,85159001.09,coastal_flood,incomplete,40.774902178394115,-74.14900749539012
NW-FAC-033,Castings Vendor C Node 33,supplier_t1,Monterrey,MX,high,40147492.51,heat_water,incomplete,25.701708617148338,-100.40213473626879
NW-FAC-034,Primary Assembly — Midwest Node 34,assembly,Chicago,US,high,70849088.82,flood,clean,41.91683740583453,-87.66442968895318
NW-FAC-035,Electronics Final Test Node 35,test,Austin,US,low,81556694.28,heat_grid,incomplete,30.189418444677067,-97.83124056576779
NW-FAC-036,Electronics Final Test Node 36,test,Austin,US,high,99499350.22,heat_grid,clean,30.312157066050116,-97.735543556241
NW-FAC-037,Specialty Metals Supplier A Node 37,supplier_t1,Pittsburgh,US,high,39773811.17,flood,clean,40.35159698885271,-80.0244031168143
NW-FAC-038,Logistics Hub EU Node 38,dc,Rotterdam,NL,high,105068085.52,flood_slr,contradictory,51.85733302155302,4.558933881716272
NW-FAC-039,Battery Cells JV Node 39,supplier_t1,Reno,US,high,95702379.16,drought_wildfire,contradictory,39.43080088895618,-119.77782838710604
NW-FAC-040,Primary Assembly — Midwest Node 40,assembly,Chicago,US,high,48164333.44,flood,clean,41.9782588546476,-87.64862865987917
NW-FAC-041,Tooling Shop Node 41,component,Stuttgart,DE,medium,83319197.88,flood_heat,contradictory,48.83296368791459,9.165563720225649
NW-FAC-042,Rare Earth Intermediate Node 42,supplier_t2,Baotou,CN,medium,56162541.29,water_transition,clean,40.57023372351423,109.79086418699754
NW-FAC-043,West Coast Distribution Node 43,dc,Los Angeles,US,high,102832989.47,wildfire,contradictory,33.97127207051695,-118.16337956810966
NW-FAC-044,Tooling Shop Node 44,component,Stuttgart,DE,critical,141312656.4,flood_heat,incomplete,48.865309045520526,9.243884450334
NW-FAC-045,Injection Molding — Gulf Node 45,component,Houston,US,high,96078587.05,flood_hurricane,contradictory,29.809861749034738,-95.42483897129632
NW-FAC-046,West Coast Distribution Node 46,dc,Los Angeles,US,high,16424135.17,wildfire,incomplete,34.09864417286597,-118.17788423091672
NW-FAC-047,Specialty Metals Supplier A Node 47,supplier_t1,Pittsburgh,US,critical,21983417.62,flood,contradictory,40.513314200807784,-79.91043391155985
NW-FAC-048,PCB Fab Partner Node 48,supplier_t1,Shenzhen,CN,high,119944886.67,flood_typhoon,clean,22.503126937350988,114.1141983373053
NW-FAC-049,Specialty Metals Supplier A Node 49,supplier_t1,Pittsburgh,US,low,6868074.59,flood,incomplete,40.449725053549066,-79.92208255594161
NW-FAC-050,PCB Fab Partner Node 50,supplier_t1,Shenzhen,CN,critical,49484584.98,flood_typhoon,contradictory,22.62169863865147,114.02562237228581
NW-FAC-051,Rare Earth Intermediate Node 51,supplier_t2,Baotou,CN,medium,9216065.59,water_transition,incomplete,40.604827788112175,109.8256241886152
NW-FAC-052,Polymer Resin Supplier B Node 52,supplier_t1,Baton Rouge,US,critical,119458162.8,flood_hurricane,contradictory,30.480992713142857,-91.15698284591879
NW-FAC-053,Logistics Hub EU Node 53,dc,Rotterdam,NL,low,10866028.26,flood_slr,incomplete,51.87590030723166,4.562872663115249
NW-FAC-054,Tooling Shop Node 54,component,Stuttgart,DE,medium,75616686.3,flood_heat,contradictory,48.846973986414525,9.269576473361198
NW-FAC-055,Castings Vendor C Node 55,supplier_t1,Monterrey,MX,critical,126119437.01,heat_water,contradictory,25.715255213625554,-100.36144300807328
NW-FAC-056,Castings Vendor C Node 56,supplier_t1,Monterrey,MX,critical,36913277.81,heat_water,incomplete,25.738397775882795,-100.34471876199832
NW-FAC-057,Primary Assembly — Midwest Node 57,assembly,Chicago,US,medium,45477450.99,flood,incomplete,41.92889501468737,-87.61723385086843
NW-FAC-058,Specialty Metals Supplier A Node 58,supplier_t1,Pittsburgh,US,high,23740486.34,flood,incomplete,40.34560993171382,-80.0128311851927
NW-FAC-059,Injection Molding — Gulf Node 59,component,Houston,US,medium,50590986.29,flood_hurricane,incomplete,29.742248639502517,-95.36389158931621
NW-FAC-060,Primary Assembly — Midwest Node 60,assembly,Chicago,US,high,21303063.82,flood,contradictory,41.92349761369748,-87.63682459232231
